Financial Year,Financial Quarter,Police Force,CSP Name merged,Offence Description,Offence Group,Offence Subgroup,Offence Code,Offence Count,CSP Name
2015/16,1,Avon and Somerset,Bath and North East Somerset,Absconding from lawful custody,Miscellaneous crimes against society,Miscellaneous crimes against society,80,0,
2015/16,1,Avon and Somerset,Bath and North East Somerset,Abuse of children through sexual exploitation,Sexual offences,Other sexual offences,71,0,
2015/16,1,Avon and Somerset,Bath and North East Somerset,Abuse of position of trust of a sexual nature,Sexual offences,Other sexual offences,73,0,
2015/16,1,Avon and Somerset,Bath and North East Somerset,Aggravated burglary in a building other than a dwelling(outcome only),Theft offences,Non-domestic burglary,31,0,
2015/16,1,Avon and Somerset,Bath and North East Somerset,Aggravated burglary in a dwelling (outcome only),Theft offences,Domestic burglary,29,0,
2015/16,1,Avon and Somerset,Bath and North East Somerset,Aggravated vehicle taking,Theft offences,Vehicle offences,37.2,4,
2015/16,1,Avon and Somerset,Bath and North East Somerset,Aiding suicide,Miscellaneous crimes against society,Miscellaneous crimes against society,76,0,
2015/16,1,Avon and Somerset,Bath and North East Somerset,Arson endangering life,Criminal damage and arson,Arson,56A,1,
2015/16,1,Avon and Somerset,Bath and North East Somerset,Arson not endangering life,Criminal damage and arson,Arson,56B,9,
2015/16,1,Avon and Somerset,Bath and North East Somerset,Assault with injury,Violence against the person,Violence with injury,8N,209,
2015/16,1,Avon and Somerset,Bath and North East Somerset,Assault with intent to cause serious harm,Violence against the person,Violence with injury,5D,7,
2015/16,1,Avon and Somerset,Bath and North East Somerset,Assault without injury,Violence against the person,Violence without injury,105A,229,
2015/16,1,Avon and Somerset,Bath and North East Somerset,Assault without injury on a constable,Violence against the person,Violence without injury,104,21,
2015/16,1,Avon and Somerset,Bath and North East Somerset,Attempted burglary in a building other than a dwelling (outcome only),Theft offences,Non-domestic burglary,30B,19,
2015/16,1,Avon and Somerset,Bath and North East Somerset,Attempted burglary in a dwelling (outcome only),Theft offences,Domestic burglary,28B,9,
2015/16,1,Avon and Somerset,Bath and North East Somerset,Attempted distraction burglary in a dwelling (outcome only),Theft offences,Domestic burglary,28D,0,
2015/16,1,Avon and Somerset,Bath and North East Somerset,Attempted murder,Violence against the person,Violence with injury,2,1,
2015/16,1,Avon and Somerset,Bath and North East Somerset,Bail offences,Miscellaneous crimes against society,Miscellaneous crimes against society,83,0,
2015/16,1,Avon and Somerset,Bath and North East Somerset,Bigamy,Miscellaneous crimes against society,Miscellaneous crimes against society,26,0,
2015/16,1,Avon and Somerset,Bath and North East Somerset,Blackmail,Theft offences,Other theft offences,35,4,
2015/16,1,Avon and Somerset,Bath and North East Somerset,Burglary in a building other than a dwelling (outcome only),Theft offences,Non-domestic burglary,30A,149,
2015/16,1,Avon and Somerset,Bath and North East Somerset,Burglary in a dwelling(outcome only),Theft offences,Domestic burglary,28A,49,
2015/16,1,Avon and Somerset,Bath and North East Somerset,Causing death by aggravated vehicle taking,Violence against the person,Death or serious injury - unlawful driving,37.1,0,
2015/16,1,Avon and Somerset,Bath and North East Somerset,Causing death by careless driving under influence of drink or drugs,Violence against the person,Death or serious injury - unlawful driving,4.6,0,
2015/16,1,Avon and Somerset,Bath and North East Somerset,Causing death by careless or inconsiderate driving,Violence against the person,Death or serious injury - unlawful driving,4.8,0,
2015/16,1,Avon and Somerset,Bath and North East Somerset,Causing death by driving: unlicensed or disqualified or uninsured drivers,Violence against the person,Death or serious injury - unlawful driving,4.9,0,
2015/16,1,Avon and Somerset,Bath and North East Somerset,Causing death or serious injury by dangerous driving,Violence against the person,Death or serious injury - unlawful driving,4.4,0,
2015/16,1,Avon and Somerset,Bath and North East Somerset,Causing or allowing death of child or vulnerable person,Violence against the person,Violence with injury,4.7,0,
2015/16,1,Avon and Somerset,Bath and North East Somerset,Causing sexual activity without consent,Sexual offences,Other sexual offences,22A,0,
2015/16,1,Avon and Somerset,Bath and North East Somerset,Child abduction,Violence against the person,Violence without injury,13,2,
2015/16,1,Avon and Somerset,Bath and North East Somerset,Concealing an infant death close to birth,Miscellaneous crimes against society,Miscellaneous crimes against society,15,0,
2015/16,1,Avon and Somerset,Bath and North East Somerset,Conspiracy to murder,Violence against the person,Violence without injury,3A,0,
2015/16,1,Avon and Somerset,Bath and North East Somerset,Corporate manslaughter,Violence against the person,Homicide,4.10,0,
2015/16,1,Avon and Somerset,Bath and North East Somerset,Criminal damage to a building other than a dwelling,Criminal damage and arson,Criminal damage,58B,38,
2015/16,1,Avon and Somerset,Bath and North East Somerset,Criminal damage to a dwelling,Criminal damage and arson,Criminal damage,58A,45,
2015/16,1,Avon and Somerset,Bath and North East Somerset,Criminal damage to a vehicle,Criminal damage and arson,Criminal damage,58C,133,
2015/16,1,Avon and Somerset,Bath and North East Somerset,Cruelty to children/young persons,Violence against the person,Violence without injury,11A,11,
2015/16,1,Avon and Somerset,Bath and North East Somerset,Dangerous driving,Miscellaneous crimes against society,Miscellaneous crimes against society,802,5,
2015/16,1,Avon and Somerset,Bath and North East Somerset,"Disclosure, obstruction, false or misleading statements etc",Miscellaneous crimes against society,Miscellaneous crimes against society,95,0,
2015/16,1,Avon and Somerset,Bath and North East Somerset,Dishonest use of electricity,Theft offences,Other theft offences,43,0,
2015/16,1,Avon and Somerset,Bath and North East Somerset,Distraction burglary in a dwelling (outcome only),Theft offences,Domestic burglary,28C,1,
2015/16,1,Avon and Somerset,Bath and North East Somerset,Endangering life,Violence against the person,Violence with injury,5E,0,
2015/16,1,Avon and Somerset,Bath and North East Somerset,Exploitation of prostitution,Miscellaneous crimes against society,Miscellaneous crimes against society,24,0,
2015/16,1,Avon and Somerset,Bath and North East Somerset,Exposure and voyeurism,Sexual offences,Other sexual offences,88E,5,
2015/16,1,Avon and Somerset,Bath and North East Somerset,Forgery or use of false drug prescription,Miscellaneous crimes against society,Miscellaneous crimes against society,60,0,
2015/16,1,Avon and Somerset,Bath and North East Somerset,"Fraud, forgery etc associated with vehicle or driver records",Miscellaneous crimes against society,Miscellaneous crimes against society,814,1,
2015/16,1,Avon and Somerset,Bath and North East Somerset,"Going equipped for stealing, etc",Miscellaneous crimes against society,Miscellaneous crimes against society,33,1,
2015/16,1,Avon and Somerset,Bath and North East Somerset,Handling stolen goods,Miscellaneous crimes against society,Miscellaneous crimes against society,54,2,
2015/16,1,Avon and Somerset,Bath and North East Somerset,Harassment,Violence against the person,Stalking and harassment,8L,103,
2015/16,1,Avon and Somerset,Bath and North East Somerset,Incest or familial sexual offences,Sexual offences,Other sexual offences,23,0,
2015/16,1,Avon and Somerset,Bath and North East Somerset,Infanticide,Violence against the person,Homicide,4.2,0,
2015/16,1,Avon and Somerset,Bath and North East Somerset,Intentional destruction of a viable unborn child,Violence against the person,Violence with injury,4.3,0,
2015/16,1,Avon and Somerset,Bath and North East Somerset,Interfering with a motor vehicle,Theft offences,Vehicle offences,126,23,
2015/16,1,Avon and Somerset,Bath and North East Somerset,Kidnapping,Violence against the person,Violence without injury,36,3,
2015/16,1,Avon and Somerset,Bath and North East Somerset,Making off without payment,Theft offences,Other theft offences,49A,35,
2015/16,1,Avon and Somerset,Bath and North East Somerset,"Making, supplying or possessing articles for use in fraud",Miscellaneous crimes against society,Miscellaneous crimes against society,33A,0,
2015/16,1,Avon and Somerset,Bath and North East Somerset,Manslaughter,Violence against the person,Homicide,4.1,0,
2015/16,1,Avon and Somerset,Bath and North East Somerset,Modern slavery,Violence against the person,Violence without injury,106,0,
2015/16,1,Avon and Somerset,Bath and North East Somerset,Murder,Violence against the person,Homicide,1,1,
2015/16,1,Avon and Somerset,Bath and North East Somerset,Obscene publications etc,Miscellaneous crimes against society,Miscellaneous crimes against society,86,6,
2015/16,1,Avon and Somerset,Bath and North East Somerset,Offender Management Act offences,Miscellaneous crimes against society,Miscellaneous crimes against society,69,0,
2015/16,1,Avon and Somerset,Bath and North East Somerset,Other criminal damage,Criminal damage and arson,Criminal damage,58D,98,
2015/16,1,Avon and Somerset,Bath and North East Somerset,Other drug offences,Drug offences,Possession of drugs,92C,0,
2015/16,1,Avon and Somerset,Bath and North East Somerset,"Other firearms, knives and offensive weapon offences",Possession of weapons offences,Possession of weapons offences,81,1,
2015/16,1,Avon and Somerset,Bath and North East Somerset,Other forgery,Miscellaneous crimes against society,Miscellaneous crimes against society,61,1,
2015/16,1,Avon and Somerset,Bath and North East Somerset,Other knives offences,Possession of weapons offences,Possession of weapons offences,90,0,
2015/16,1,Avon and Somerset,Bath and North East Somerset,Other miscellaneous sexual offences,Sexual offences,Other sexual offences,88C,0,
2015/16,1,Avon and Somerset,Bath and North East Somerset,Other notifiable offences,Miscellaneous crimes against society,Miscellaneous crimes against society,99,3,
2015/16,1,Avon and Somerset,Bath and North East Somerset,Other offences against the State or public order,Public order offences,Public order offences,66,17,
2015/16,1,Avon and Somerset,Bath and North East Somerset,Other theft,Theft offences,Other theft offences,49,274,
2015/16,1,Avon and Somerset,Bath and North East Somerset,Perjury,Miscellaneous crimes against society,Miscellaneous crimes against society,67,1,
2015/16,1,Avon and Somerset,Bath and North East Somerset,Perverting the course of justice,Miscellaneous crimes against society,Miscellaneous crimes against society,79,1,
2015/16,1,Avon and Somerset,Bath and North East Somerset,Possession of article with blade or point,Possession of weapons offences,Possession of weapons offences,10D,7,
2015/16,1,Avon and Somerset,Bath and North East Somerset,Possession of controlled drugs (Cannabis),Drug offences,Possession of drugs,92E,54,
2015/16,1,Avon and Somerset,Bath and North East Somerset,Possession of controlled drugs (excl. Cannabis),Drug offences,Possession of drugs,92D,16,
2015/16,1,Avon and Somerset,Bath and North East Somerset,Possession of false documents,Miscellaneous crimes against society,Miscellaneous crimes against society,61A,1,
2015/16,1,Avon and Somerset,Bath and North East Somerset,Possession of firearms offences,Possession of weapons offences,Possession of weapons offences,10B,0,
2015/16,1,Avon and Somerset,Bath and North East Somerset,Possession of firearms with intent,Possession of weapons offences,Possession of weapons offences,10A,1,
2015/16,1,Avon and Somerset,Bath and North East Somerset,Possession of other weapons,Possession of weapons offences,Possession of weapons offences,10C,1,
2015/16,1,Avon and Somerset,Bath and North East Somerset,Procuring illegal abortion,Violence against the person,Violence without injury,14,0,
2015/16,1,Avon and Somerset,Bath and North East Somerset,Profiting from or concealing knowledge of the proceeds of crime,Miscellaneous crimes against society,Miscellaneous crimes against society,38,0,
2015/16,1,Avon and Somerset,Bath and North East Somerset,"Public fear, alarm or distress",Public order offences,Public order offences,9A,175,
2015/16,1,Avon and Somerset,Bath and North East Somerset,Racially or religiously aggravated assault with injury,Violence against the person,Violence with injury,8P,2,
2015/16,1,Avon and Somerset,Bath and North East Somerset,Racially or religiously aggravated assault without injury,Violence against the person,Violence without injury,105B,5,
2015/16,1,Avon and Somerset,Bath and North East Somerset,Racially or religiously aggravated criminal damage,Criminal damage and arson,Criminal damage,58J,0,
2015/16,1,Avon and Somerset,Bath and North East Somerset,Racially or religiously aggravated harassment,Violence against the person,Stalking and harassment,8M,1,
2015/16,1,Avon and Somerset,Bath and North East Somerset,"Racially or religiously aggravated public fear, alarm or distress",Public order offences,Public order offences,9B,29,
2015/16,1,Avon and Somerset,Bath and North East Somerset,Rape of a female aged 16 and over,Sexual offences,Rape offences,19C,12,
2015/16,1,Avon and Somerset,Bath and North East Somerset,Rape of a female child under 13,Sexual offences,Rape offences,19E,4,
2015/16,1,Avon and Somerset,Bath and North East Somerset,Rape of a female child under 16,Sexual offences,Rape offences,19D,3,
2015/16,1,Avon and Somerset,Bath and North East Somerset,Rape of a male aged 16 and over,Sexual offences,Rape offences,19F,0,
2015/16,1,Avon and Somerset,Bath and North East Somerset,Rape of a male child under 13,Sexual offences,Rape offences,19H,0,
2015/16,1,Avon and Somerset,Bath and North East Somerset,Rape of a male child under 16,Sexual offences,Rape offences,19G,0,
2015/16,1,Avon and Somerset,Bath and North East Somerset,Robbery of business property,Robbery,Robbery of business property,34A,0,
2015/16,1,Avon and Somerset,Bath and North East Somerset,Robbery of personal property,Robbery,Robbery of personal property,34B,24,
2015/16,1,Avon and Somerset,Bath and North East Somerset,Sexual activity etc with a person with a mental disorder,Sexual offences,Other sexual offences,70,1,
2015/16,1,Avon and Somerset,Bath and North East Somerset,Sexual activity involving a child under 13,Sexual offences,Other sexual offences,21,2,
2015/16,1,Avon and Somerset,Bath and North East Somerset,Sexual activity involving child under 16,Sexual offences,Other sexual offences,22B,4,
2015/16,1,Avon and Somerset,Bath and North East Somerset,Sexual assault on a female aged 13 and over,Sexual offences,Other sexual offences,20A,24,
2015/16,1,Avon and Somerset,Bath and North East Somerset,Sexual assault on a female child under 13,Sexual offences,Other sexual offences,20B,3,
