Date,RegionName,AreaCode,AveragePrice,Index,IndexSA,1m%Change,12m%Change,AveragePriceSA,SalesVolume,DetachedPrice,DetachedIndex,Detached1m%Change,Detached12m%Change,SemiDetachedPrice,SemiDetachedIndex,SemiDetached1m%Change,SemiDetached12m%Change,TerracedPrice,TerracedIndex,Terraced1m%Change,Terraced12m%Change,FlatPrice,FlatIndex,Flat1m%Change,Flat12m%Change,CashPrice,CashIndex,Cash1m%Change,Cash12m%Change,CashSalesVolume,MortgagePrice,MortgageIndex,Mortgage1m%Change,Mortgage12m%Change,MortgageSalesVolume,FTBPrice,FTBIndex,FTB1m%Change,FTB12m%Change,FOOPrice,FOOIndex,FOO1m%Change,FOO12m%Change,NewPrice,NewIndex,New1m%Change,New12m%Change,NewSalesVolume,OldPrice,OldIndex,Old1m%Change,Old12m%Change,OldSalesVolume
01/01/2004,Aberdeenshire,S12000034,84638,41.1,,,,,388,130620,43.2,,,73972,40.9,,,58247,38.8,,,49322,45.7,,,,,,,,,,,,,,,,,,,,,112843,40.7,,,103,81273,41.0,,,285
01/02/2004,Aberdeenshire,S12000034,84623,41.1,,0.0,,,326,129330,42.7,-1.0,,74225,41.1,0.3,,58669,39.1,0.7,,50364,46.7,2.1,,,,,,,,,,,,,,,,,,,,113061,40.8,0.2,,107,81194,40.9,-0.1,,219
01/03/2004,Aberdeenshire,S12000034,86536,42.1,,2.3,,,453,131585,43.5,1.7,,76201,42.2,2.7,,60399,40.2,2.9,,51719,47.9,2.7,,,,,,,,,,,,,,,,,,,,115218,41.6,1.9,,140,83137,41.9,2.4,,313
01/04/2004,Aberdeenshire,S12000034,87373,42.5,,1.0,,,571,130454,43.1,-0.9,,78082,43.2,2.5,,62326,41.5,3.2,,53143,49.2,2.8,,,,,,,,,,,,,,,,,,,,115247,41.6,0.0,,180,84241,42.5,1.3,,391
01/05/2004,Aberdeenshire,S12000034,89493,43.5,,2.4,,,502,132762,43.9,1.8,,80340,44.5,2.9,,64442,42.9,3.4,,54678,50.7,2.9,,,,,,,,,,,,,,,,,,,,117377,42.4,1.8,,167,86466,43.6,2.6,,335
01/06/2004,Aberdeenshire,S12000034,92485,44.9,,3.3,,,525,136572,45.1,2.9,,83191,46.0,3.5,,66935,44.6,3.9,,56901,52.7,4.1,,,,,,,,,,,,,,,,,,,,121174,43.7,3.2,,164,89391,45.1,3.4,,361
01/07/2004,Aberdeenshire,S12000034,96401,46.8,,4.2,,,652,143558,47.4,5.1,,86122,47.7,3.5,,69178,46.1,3.4,,58734,54.4,3.2,,,,,,,,,,,,,,,,,,,,125918,45.4,3.9,,163,93285,47.0,4.4,,489
01/08/2004,Aberdeenshire,S12000034,101315,49.2,,5.1,,,512,151700,50.1,5.7,,90186,49.9,4.7,,72334,48.2,4.6,,61241,56.7,4.3,,,,,,,,,,,,,,,,,,,,131712,47.5,4.6,,130,98214,49.5,5.3,,382
01/09/2004,Aberdeenshire,S12000034,102220,49.7,,0.9,,,497,153471,50.7,1.2,,90814,50.3,0.7,,72793,48.5,0.6,,61552,57.0,0.5,,,,,,,,,,,,,,,,,,,,132519,47.8,0.6,,142,99193,50.0,1.0,,355
01/10/2004,Aberdeenshire,S12000034,102655,49.9,,0.4,,,590,154137,50.9,0.4,,91003,50.4,0.2,,73013,48.6,0.3,,62088,57.5,0.9,,,,,,,,,,,,,,,,,,,,133810,48.3,1.0,,164,99411,50.1,0.2,,426
01/11/2004,Aberdeenshire,S12000034,103013,50.1,,0.3,,,516,154524,51.0,0.3,,91347,50.6,0.4,,73387,48.9,0.5,,62368,57.8,0.5,,,,,,,,,,,,,,,,,,,,135149,48.8,1.0,,149,99516,50.2,0.1,,367
01/12/2004,Aberdeenshire,S12000034,104124,50.6,,1.1,,,465,155437,51.4,0.6,,92487,51.2,1.2,,74650,49.7,1.7,,63507,58.8,1.8,,,,,,,,,,,,,,,,,,,,137565,49.7,1.8,,151,100326,50.6,0.8,,314
01/01/2005,Aberdeenshire,S12000034,105489,51.3,,1.3,24.6,,400,157689,52.1,1.4,20.7,93489,51.7,1.1,26.4,75726,50.4,1.4,30.0,64143,59.4,1.0,30.1,,,,,,,,,,,,,,,,,,,140762,50.8,2.3,24.7,42,101264,51.1,0.9,24.6,358
01/02/2005,Aberdeenshire,S12000034,101145,49.2,,-4.1,19.5,,289,151325,50.0,-4.0,17.0,89744,49.7,-4.0,20.9,72698,48.4,-4.0,23.9,61400,56.9,-4.3,21.9,,,,,,,,,,,,,,,,,,,136002,49.1,-3.4,20.3,52,96831,48.8,-4.4,19.3,237
01/03/2005,Aberdeenshire,S12000034,98196,47.7,,-2.9,13.5,,435,146603,48.4,-3.1,11.4,86697,48.0,-3.4,13.8,70433,46.9,-3.1,16.6,59005,54.7,-3.9,14.1,,,,,,,,,,,,,,,,,,,132165,47.7,-2.8,14.7,91,93927,47.4,-3.0,13.0,344
01/04/2005,Aberdeenshire,S12000034,99302,48.3,,1.1,13.7,,499,146021,48.2,-0.4,11.9,87550,48.5,1.0,12.1,71569,47.7,1.6,14.8,59855,55.4,1.4,12.6,,,,,,,,,,,,,,,,,,,133726,48.3,1.2,16.0,81,94976,47.9,1.1,12.7,418
01/05/2005,Aberdeenshire,S12000034,105412,51.2,,6.2,17.8,,515,153864,50.8,5.4,15.9,92487,51.2,5.6,15.1,76088,50.7,6.3,18.1,63766,59.1,6.5,16.6,,,,,,,,,,,,,,,,,,,141795,51.2,6.0,20.8,82,100840,50.9,6.2,16.6,433
01/06/2005,Aberdeenshire,S12000034,110561,53.7,,4.9,19.5,,561,160640,53.1,4.4,17.6,96763,53.6,4.6,16.3,79824,53.1,4.9,19.3,67046,62.1,5.1,17.8,,,,,,,,,,,,,,,,,,,148545,53.6,4.8,22.6,136,105790,53.3,4.9,18.3,425
01/07/2005,Aberdeenshire,S12000034,112337,54.6,,1.6,16.5,,581,163465,54.0,1.8,13.9,98404,54.5,1.7,14.3,81149,54.0,1.7,17.3,68043,63.0,1.5,15.8,,,,,,,,,,,,,,,,,,,150701,54.4,1.5,19.7,88,107520,54.2,1.6,15.3,493
01/08/2005,Aberdeenshire,S12000034,116017,56.4,,3.3,14.5,,564,168990,55.8,3.4,11.4,101556,56.2,3.2,12.6,83877,55.8,3.4,16.0,70232,65.1,3.2,14.7,,,,,,,,,,,,,,,,,,,155517,56.1,3.2,18.1,63,111059,56.0,3.3,13.1,501
01/09/2005,Aberdeenshire,S12000034,117748,57.2,,1.5,15.2,,577,172506,57.0,2.1,12.4,103163,57.1,1.6,13.6,85130,56.7,1.5,16.9,71110,65.9,1.2,15.5,,,,,,,,,,,,,,,,,,,158247,57.1,1.8,19.4,87,112660,56.8,1.4,13.6,490
01/10/2005,Aberdeenshire,S12000034,120861,58.7,,2.6,17.7,,581,178592,59.0,3.5,15.9,105810,58.6,2.6,16.3,87150,58.0,2.4,19.4,72908,67.5,2.5,17.4,,,,,,,,,,,,,,,,,,,162836,58.8,2.9,21.7,94,115585,58.3,2.6,16.3,487
01/11/2005,Aberdeenshire,S12000034,119630,58.1,,-1.0,16.1,,558,176124,58.2,-1.4,14.0,104694,57.9,-1.1,14.6,86434,57.5,-0.8,17.8,72185,66.9,-1.0,15.7,,,,,,,,,,,,,,,,,,,161375,58.2,-0.9,19.4,94,114380,57.7,-1.0,14.9,464
01/12/2005,Aberdeenshire,S12000034,120029,58.3,,0.3,15.3,,481,175018,57.8,-0.6,12.6,104411,57.8,-0.3,12.9,86603,57.7,0.2,16.0,72914,67.5,1.0,14.8,,,,,,,,,,,,,,,,,,,161930,58.4,0.3,17.7,101,114759,57.9,0.3,14.4,380
01/01/2006,Aberdeenshire,S12000034,115365,56.1,,-3.9,9.4,,395,167400,55.3,-4.4,6.2,100304,55.5,-3.9,7.3,83504,55.6,-3.6,10.3,70082,64.9,-3.9,9.3,,,,,,,,,,,,,,,,,,,155674,56.2,-3.9,10.6,44,110296,55.6,-3.9,8.9,351
01/02/2006,Aberdeenshire,S12000034,113497,55.2,,-1.6,12.2,,336,163545,54.0,-2.3,8.1,98540,54.5,-1.8,9.8,82243,54.8,-1.5,13.1,69109,64.0,-1.4,12.6,,,,,,,,,,,,,,,,,,,153525,55.4,-1.4,12.9,68,108459,54.7,-1.7,12.0,268
01/03/2006,Aberdeenshire,S12000034,115572,56.2,,1.8,17.7,,471,166833,55.1,2.0,13.8,100830,55.8,2.3,16.3,84185,56.0,2.4,19.5,69951,64.8,1.2,18.6,,,,,,,,,,,,,,,,,,,156197,56.4,1.7,18.2,96,110461,55.7,1.8,17.6,375
01/04/2006,Aberdeenshire,S12000034,123601,60.1,,6.9,24.5,,451,176803,58.4,6.0,21.1,107619,59.6,6.7,22.9,90219,60.1,7.2,26.1,75009,69.5,7.2,25.3,,,,,,,,,,,,,,,,,,,166569,60.1,6.6,24.6,68,118200,59.6,7.0,24.5,383
01/05/2006,Aberdeenshire,S12000034,131356,63.8,,6.3,24.6,,495,187319,61.9,5.9,21.7,114285,63.3,6.2,23.6,95821,63.8,6.2,25.9,79847,74.0,6.4,25.2,,,,,,,,,,,,,,,,,,,176184,63.6,5.8,24.3,90,125730,63.4,6.4,24.7,405
01/06/2006,Aberdeenshire,S12000034,133753,65.0,,1.8,21.0,,625,188918,62.4,0.9,17.6,115979,64.2,1.5,19.9,97503,64.9,1.8,22.1,81717,75.7,2.3,21.9,,,,,,,,,,,,,,,,,,,178371,64.4,1.2,20.1,144,128168,64.6,1.9,21.2,481
01/07/2006,Aberdeenshire,S12000034,134091,65.2,,0.3,19.4,,520,189606,62.6,0.4,16.0,116239,64.3,0.2,18.1,97846,65.1,0.4,20.6,81838,75.8,0.1,20.3,,,,,,,,,,,,,,,,,,,177978,64.2,-0.2,18.1,66,128608,64.9,0.3,19.6,454
01/08/2006,Aberdeenshire,S12000034,136731,66.4,,2.0,17.9,,587,195374,64.5,3.0,15.6,118808,65.8,2.2,17.0,99967,66.6,2.2,19.2,82970,76.9,1.4,18.1,,,,,,,,,,,,,,,,,,,180312,65.1,1.3,15.9,76,131304,66.2,2.1,18.2,511
01/09/2006,Aberdeenshire,S12000034,142700,69.3,,4.4,21.2,,569,206107,68.1,5.5,19.5,124468,68.9,4.8,20.7,104389,69.5,4.4,22.6,86112,79.8,3.8,21.1,,,,,,,,,,,,,,,,,,,188378,68.0,4.5,19.0,77,137009,69.1,4.3,21.6,492
01/10/2006,Aberdeenshire,S12000034,145498,70.7,,2.0,20.4,,572,210396,69.5,2.1,17.8,126773,70.2,1.9,19.8,106203,70.7,1.7,21.9,87924,81.5,2.1,20.6,,,,,,,,,,,,,,,,,,,191660,69.2,1.7,17.7,101,139753,70.5,2.0,20.9,471
01/11/2006,Aberdeenshire,S12000034,145055,70.5,,-0.3,21.3,,551,208562,68.9,-0.9,18.4,126369,69.9,-0.3,20.7,105887,70.5,-0.3,22.5,87820,81.4,-0.1,21.7,,,,,,,,,,,,,,,,,,,190734,68.8,-0.5,18.2,96,139376,70.3,-0.3,21.9,455
01/12/2006,Aberdeenshire,S12000034,144247,70.1,,-0.6,20.2,,480,205741,68.0,-1.4,17.6,125183,69.3,-0.9,19.9,105150,70.0,-0.7,21.4,87756,81.3,-0.1,20.4,,,,,,,,,,,,,,,,,,,189099,68.3,-0.9,16.8,101,138680,69.9,-0.5,20.8,379
01/01/2007,Aberdeenshire,S12000034,150611,73.2,,4.4,30.6,,361,215011,71.0,4.5,28.4,130983,72.5,4.6,30.6,110048,73.3,4.7,31.8,91380,84.7,4.1,30.4,,,,,,,,,,,,,,,,,,,198222,71.5,4.8,27.3,39,144689,73.0,4.3,31.2,322
01/02/2007,Aberdeenshire,S12000034,150406,73.1,,-0.1,32.5,,323,213949,70.7,-0.5,30.8,130605,72.3,-0.3,32.5,109794,73.1,-0.2,33.5,91526,84.8,0.2,32.4,,,,,,,,,,,,,,,,,,,198287,71.6,0.0,29.2,78,144461,72.9,-0.2,33.2,245
01/03/2007,Aberdeenshire,S12000034,153037,74.4,,1.7,32.4,,494,217142,71.7,1.5,30.2,133087,73.7,1.9,32.0,112211,74.7,2.2,33.3,92969,86.1,1.6,32.9,,,,,,,,,,,,,,,,,,,201132,72.6,1.4,28.8,111,147108,74.2,1.8,33.2,383
01/04/2007,Aberdeenshire,S12000034,155095,75.4,,1.3,25.5,,462,217488,71.8,0.2,23.0,134554,74.5,1.1,25.0,113995,75.9,1.6,26.4,94667,87.7,1.8,26.2,,,,,,,,,,,,,,,,,,,201834,72.9,0.3,21.2,88,149410,75.3,1.6,26.4,374
01/05/2007,Aberdeenshire,S12000034,163125,79.3,,5.2,24.2,,478,227535,75.2,4.6,21.5,141391,78.3,5.1,23.7,120239,80.1,5.5,25.5,99603,92.3,5.2,24.7,,,,,,,,,,,,,,,,,,,212417,76.7,5.2,20.6,83,157125,79.2,5.2,25.0,395
01/06/2007,Aberdeenshire,S12000034,167430,81.4,,2.6,25.2,,671,232675,76.9,2.3,23.2,144793,80.1,2.4,24.8,123196,82.0,2.5,26.4,102519,95.0,2.9,25.5,,,,,,,,,,,,,,,,,,,217770,78.6,2.5,22.1,144,161313,81.3,2.7,25.9,527
01/07/2007,Aberdeenshire,S12000034,171881,83.5,,2.7,28.2,,554,239371,79.1,2.9,26.2,148820,82.4,2.8,28.0,126488,84.2,2.7,29.3,105037,97.3,2.5,28.3,,,,,,,,,,,,,,,,,,,224617,81.1,3.1,26.2,76,165429,83.4,2.6,28.6,478
01/08/2007,Aberdeenshire,S12000034,179346,87.2,,4.3,31.2,,664,252261,83.3,5.4,29.1,155564,86.1,4.5,30.9,132015,87.9,4.4,32.1,109078,101.0,3.8,31.5,,,,,,,,,,,,,,,,,,,233013,84.1,3.7,29.2,107,172835,87.2,4.5,31.6,557
01/09/2007,Aberdeenshire,S12000034,184224,89.5,,2.7,29.1,,522,260604,86.1,3.3,26.4,160135,88.6,2.9,28.7,135563,90.3,2.7,29.9,111781,103.5,2.5,29.8,,,,,,,,,,,,,,,,,,,239280,86.4,2.7,27.0,84,177548,89.5,2.7,29.6,438
01/10/2007,Aberdeenshire,S12000034,182110,88.5,,-1.1,25.2,,552,259533,85.7,-0.4,23.4,158133,87.5,-1.3,24.7,133738,89.0,-1.3,25.9,110345,102.2,-1.3,25.5,,,,,,,,,,,,,,,,,,,236309,85.3,-1.2,23.3,110,175547,88.5,-1.1,25.6,442
01/11/2007,Aberdeenshire,S12000034,179284,87.1,,-1.6,23.6,,637,253875,83.9,-2.2,21.7,155262,85.9,-1.8,22.9,131362,87.5,-1.8,24.1,109205,101.2,-1.0,24.4,,,,,,,,,,,,,,,,,,,232799,84.0,-1.5,22.1,116,172797,87.1,-1.6,24.0,521
01/12/2007,Aberdeenshire,S12000034,177594,86.3,,-0.9,23.1,,482,250403,82.7,-1.4,21.7,153411,84.9,-1.2,22.5,130062,86.6,-1.0,23.7,108455,100.5,-0.7,23.6,,,,,,,,,,,,,,,,,,,231018,83.4,-0.8,22.2,132,171100,86.3,-1.0,23.4,350
01/01/2008,Aberdeenshire,S12000034,179464,87.2,,1.1,19.2,,304,252732,83.5,0.9,17.5,154958,85.8,1.0,18.3,131469,87.5,1.1,19.5,109681,101.6,1.1,20.0,,,,,,,,,,,,,,,,,,,234312,84.6,1.4,18.2,45,172763,87.1,1.0,19.4,259
01/02/2008,Aberdeenshire,S12000034,176688,85.9,,-1.5,17.5,,368,249826,82.5,-1.1,16.8,152546,84.4,-1.6,16.8,129623,86.3,-1.4,18.1,108197,100.2,-1.4,18.2,,,,,,,,,,,,,,,,,,,233760,84.4,-0.2,17.9,82,169576,85.5,-1.8,17.4,286
01/03/2008,Aberdeenshire,S12000034,176842,85.9,,0.1,15.6,,438,250704,82.8,0.4,15.5,153789,85.1,0.8,15.6,130775,87.1,0.9,16.5,108478,100.5,0.3,16.7,,,,,,,,,,,,,,,,,,,235676,85.1,0.8,17.2,109,169440,85.4,-0.1,15.2,329
01/04/2008,Aberdeenshire,S12000034,175882,85.5,,-0.5,13.4,,425,247203,81.7,-1.4,13.7,154033,85.3,0.2,14.5,131363,87.5,0.4,15.2,108678,100.7,0.2,14.8,,,,,,,,,,,,,,,,,,,234925,84.8,-0.3,16.4,77,168428,84.9,-0.6,12.7,348
01/05/2008,Aberdeenshire,S12000034,181907,88.4,,3.4,11.5,,555,253556,83.8,2.6,11.4,160642,88.9,4.3,13.6,137148,91.3,4.4,14.1,112918,104.6,3.9,13.4,,,,,,,,,,,,,,,,,,,241318,87.1,2.7,13.6,115,174485,88.0,3.6,11.0,440
01/06/2008,Aberdeenshire,S12000034,183094,89.0,,0.7,9.4,,409,255196,84.3,0.6,9.7,161868,89.6,0.8,11.8,138081,91.9,0.7,12.1,113462,105.1,0.5,10.7,,,,,,,,,,,,,,,,,,,242339,87.5,0.4,11.3,86,175721,88.6,0.7,8.9,323
01/07/2008,Aberdeenshire,S12000034,184136,89.5,,0.6,7.1,,375,257191,85.0,0.8,7.4,163085,90.3,0.8,9.6,138691,92.3,0.4,9.6,113193,104.9,-0.2,7.8,,,,,,,,,,,,,,,,,,,242516,87.5,0.1,8.0,61,176932,89.2,0.7,7.0,314
01/08/2008,Aberdeenshire,S12000034,179452,87.2,,-2.5,0.1,,396,253289,83.7,-1.5,0.4,157606,87.2,-3.4,1.3,133739,89.0,-3.6,1.3,109192,101.2,-3.5,0.1,,,,,,,,,,,,,,,,,,,235193,84.9,-3.0,0.9,60,172638,87.1,-2.4,-0.1,336
01/09/2008,Aberdeenshire,S12000034,177190,86.1,,-1.3,-3.8,,353,250673,82.8,-1.0,-3.8,155100,85.8,-1.6,-3.1,131642,87.6,-1.6,-2.9,107884,99.9,-1.2,-3.5,,,,,,,,,,,,,,,,,,,231956,83.7,-1.4,-3.1,76,170509,86.0,-1.2,-4.0,277
01/10/2008,Aberdeenshire,S12000034,178076,86.5,,0.5,-2.2,,371,252310,83.4,0.7,-2.8,155155,85.9,0.0,-1.9,131790,87.7,0.1,-1.5,109045,101.0,1.1,-1.2,,,,,,,,,,,,,,,,,,,233190,84.2,0.5,-1.3,86,171349,86.4,0.5,-2.4,285
01/11/2008,Aberdeenshire,S12000034,181170,88.0,,1.7,1.1,,312,254436,84.1,0.8,0.2,159035,88.0,2.5,2.4,135108,90.0,2.5,2.9,111999,103.8,2.7,2.6,,,,,,,,,,,,,,,,,,,238468,86.1,2.3,2.4,79,174107,87.8,1.6,0.8,233
01/12/2008,Aberdeenshire,S12000034,179394,87.2,,-1.0,1.0,,294,250216,82.7,-1.7,-0.1,158372,87.7,-0.4,3.2,134781,89.7,-0.2,3.6,111604,103.4,-0.4,2.9,,,,,,,,,,,,,,,,,,,234395,84.6,-1.7,1.5,94,172712,87.1,-0.8,0.9,200
01/01/2009,Aberdeenshire,S12000034,176803,85.9,,-1.4,-1.5,,253,247131,81.6,-1.2,-2.2,155753,86.2,-1.7,0.5,132362,88.1,-1.8,0.7,110001,101.9,-1.4,0.3,,,,,,,,,,,,,,,,,,,231943,83.7,-1.0,-1.0,50,170054,85.8,-1.5,-1.6,203
01/02/2009,Aberdeenshire,S12000034,170032,82.6,,-3.8,-3.8,,159,237917,78.6,-3.7,-4.8,149779,82.9,-3.8,-1.8,126846,84.5,-4.2,-2.1,105749,98.0,-3.9,-2.3,,,,,,,,,,,,,,,,,,,223473,80.7,-3.7,-4.4,42,163473,82.4,-3.9,-3.6,117
01/03/2009,Aberdeenshire,S12000034,169466,82.4,,-0.3,-4.2,,233,238927,78.9,0.4,-4.7,148230,82.0,-1.0,-3.6,125141,83.3,-1.3,-4.3,105089,97.4,-0.6,-3.1,,,,,,,,,,,,,,,,,,,225499,81.4,0.9,-4.3,55,162465,81.9,-0.6,-4.1,178
01/04/2009,Aberdeenshire,S12000034,167352,81.3,,-1.2,-4.8,,321,234327,77.4,-1.9,-5.2,147218,81.5,-0.7,-4.4,124455,82.9,-0.5,-5.3,104192,96.5,-0.9,-4.1,,,,,,,,,,,,,,,,,,,222463,80.3,-1.3,-5.3,77,160460,80.9,-1.2,-4.7,244
01/05/2009,Aberdeenshire,S12000034,168990,82.1,,1.0,-7.1,,348,236493,78.1,0.9,-6.7,148664,82.3,1.0,-7.5,125924,83.8,1.2,-8.2,105101,97.4,0.9,-6.9,,,,,,,,,,,,,,,,,,,223251,80.6,0.4,-7.5,87,162167,81.8,1.1,-7.1,261
01/06/2009,Aberdeenshire,S12000034,171219,83.2,,1.3,-6.5,,365,239737,79.2,1.4,-6.1,150706,83.4,1.4,-6.9,127785,85.1,1.5,-7.5,105890,98.1,0.8,-6.7,,,,,,,,,,,,,,,,,,,224084,80.9,0.4,-7.5,104,164512,83.0,1.4,-6.4,261
01/07/2009,Aberdeenshire,S12000034,174561,84.8,,2.0,-5.2,,405,245387,81.1,2.4,-4.6,153267,84.8,1.7,-6.0,129995,86.5,1.7,-6.3,107213,99.3,1.2,-5.3,,,,,,,,,,,,,,,,,,,226967,81.9,1.3,-6.4,98,167870,84.7,2.0,-5.1,307
01/08/2009,Aberdeenshire,S12000034,178607,86.8,,2.3,-0.5,,406,252422,83.4,2.9,-0.3,156439,86.6,2.1,-0.7,132782,88.4,2.1,-0.7,108268,100.3,1.0,-0.8,,,,,,,,,,,,,,,,,,,230976,83.4,1.8,-1.8,62,171886,86.7,2.4,-0.4,344
01/09/2009,Aberdeenshire,S12000034,180011,87.5,,0.8,1.6,,381,254547,84.1,0.8,1.5,157803,87.3,0.9,1.7,133798,89.1,0.8,1.6,108721,100.7,0.4,0.8,,,,,,,,,,,,,,,,,,,232886,84.1,0.8,0.4,87,173228,87.4,0.8,1.6,294
01/10/2009,Aberdeenshire,S12000034,180159,87.5,,0.1,1.2,,409,255203,84.3,0.3,1.1,158013,87.5,0.1,1.8,133705,89.0,-0.1,1.5,108201,100.2,-0.5,-0.8,,,,,,,,,,,,,,,,,,,232639,84.0,-0.1,-0.2,80,173414,87.5,0.1,1.2,329
01/11/2009,Aberdeenshire,S12000034,178981,87.0,,-0.7,-1.2,,448,253677,83.8,-0.6,-0.3,156614,86.7,-0.9,-1.5,132835,88.4,-0.7,-1.7,107783,99.8,-0.4,-3.8,,,,,,,,,,,,,,,,,,,231315,83.5,-0.6,-3.0,95,172260,86.9,-0.7,-1.1,353
01/12/2009,Aberdeenshire,S12000034,180759,87.8,,1.0,0.8,,399,255021,84.2,0.5,1.9,158884,87.9,1.4,0.3,135038,89.9,1.7,0.2,108680,100.7,0.8,-2.6,,,,,,,,,,,,,,,,,,,232032,83.8,0.3,-1.0,103,174130,87.8,1.1,0.8,296
01/01/2010,Aberdeenshire,S12000034,179148,87.1,,-0.9,1.3,,255,254213,84.0,-0.3,2.9,156636,86.7,-1.4,0.6,133423,88.8,-1.2,0.8,107043,99.2,-1.5,-2.7,,,,,,,,,,,,,,,,,,,227978,82.3,-1.7,-1.7,46,172780,87.1,-0.8,1.6,209
01/02/2010,Aberdeenshire,S12000034,179551,87.3,,0.2,5.6,,206,255111,84.3,0.4,7.2,157379,87.1,0.5,5.1,133443,88.8,0.0,5.2,106540,98.7,-0.5,0.7,,,,,,,,,,,,,,,,,,,229158,82.7,0.5,2.5,61,173158,87.3,0.2,5.9,145
01/03/2010,Aberdeenshire,S12000034,176556,85.8,,-1.7,4.2,,312,252565,83.4,-1.0,5.7,153972,85.2,-2.2,3.9,130331,86.8,-2.3,4.1,104184,96.5,-2.2,-0.9,,,,,,,,,,,,,,,,,,,227059,82.0,-0.9,0.7,77,170158,85.8,-1.7,4.7,235
01/04/2010,Aberdeenshire,S12000034,179052,87.0,,1.4,7.0,,373,254341,84.0,0.7,8.5,157026,86.9,2.0,6.7,132809,88.4,1.9,6.7,106581,98.7,2.3,2.3,,,,,,,,,,,,,,,,,,,231339,83.5,1.9,4.0,89,172478,87.0,1.4,7.5,284
01/05/2010,Aberdeenshire,S12000034,182171,88.5,,1.7,7.8,,344,258030,85.2,1.5,9.1,159674,88.4,1.7,7.4,135627,90.3,2.1,7.7,109190,101.1,2.4,3.9,,,,,,,,,,,,,,,,,,,233737,84.4,1.0,4.7,80,175610,88.6,1.8,8.3,264
01/06/2010,Aberdeenshire,S12000034,186178,90.5,,2.2,8.7,,403,263179,86.9,2.0,9.8,163432,90.5,2.4,8.4,138999,92.5,2.5,8.8,111642,103.4,2.2,5.4,,,,,,,,,,,,,,,,,,,237410,85.7,1.6,5.9,129,179587,90.6,2.3,9.2,274
01/07/2010,Aberdeenshire,S12000034,185969,90.4,,-0.1,6.5,,454,264134,87.3,0.4,7.6,162863,90.1,-0.3,6.3,138472,92.2,-0.4,6.5,110451,102.3,-1.1,3.0,,,,,,,,,,,,,,,,,,,235944,85.2,-0.6,4.0,86,179481,90.5,-0.1,6.9,368
01/08/2010,Aberdeenshire,S12000034,184731,89.8,,-0.7,3.4,,377,264483,87.4,0.1,4.8,161361,89.3,-0.9,3.1,136571,90.9,-1.4,2.9,108063,100.1,-2.2,-0.2,,,,,,,,,,,,,,,,,,,235176,84.9,-0.3,1.8,71,178223,89.9,-0.7,3.7,306
01/09/2010,Aberdeenshire,S12000034,186539,90.6,,1.0,3.6,,384,267922,88.5,1.3,5.3,162621,90.0,0.8,3.1,137500,91.5,0.7,2.8,108668,100.7,0.6,0.0,,,,,,,,,,,,,,,,,,,238609,86.1,1.5,2.5,73,179879,90.7,0.9,3.8,311
01/10/2010,Aberdeenshire,S12000034,190113,92.4,,1.9,5.5,,419,273058,90.2,1.9,7.0,165907,91.8,2.0,5.0,139946,93.2,1.8,4.7,110721,102.6,1.9,2.3,,,,,,,,,,,,,,,,,,,246107,88.8,3.1,5.8,76,183095,92.3,1.8,5.6,343
01/11/2010,Aberdeenshire,S12000034,188044,91.4,,-1.1,5.1,,401,270099,89.2,-1.1,6.5,164093,90.8,-1.1,4.8,138351,92.1,-1.1,4.2,109592,101.5,-1.0,1.7,,,,,,,,,,,,,,,,,,,244439,88.2,-0.7,5.7,88,181023,91.3,-1.1,5.1,313
01/12/2010,Aberdeenshire,S12000034,185997,90.4,,-1.1,2.9,,335,267018,88.2,-1.1,4.7,162459,89.9,-1.0,2.2,136752,91.0,-1.2,1.3,108520,100.5,-1.0,-0.1,,,,,,,,,,,,,,,,,,,243846,88.0,-0.2,5.1,71,178895,90.2,-1.2,2.7,264
01/01/2011,Aberdeenshire,S12000034,180342,87.6,,-3.0,0.7,,214,259754,85.8,-2.7,2.2,156927,86.9,-3.4,0.2,132262,88.1,-3.3,-0.9,105090,97.4,-3.2,-1.8,,,,,,,,,,,136874.0,85.5,,,,,,,238329,86.0,-2.3,4.5,20,173312,87.4,-3.1,0.3,194
01/02/2011,Aberdeenshire,S12000034,181050,88.0,,0.4,0.8,,189,260580,86.1,0.3,2.1,157381,87.1,0.3,0.0,132916,88.5,0.5,-0.4,105902,98.1,0.8,-0.6,,,,,,,,,,,139728.0,87.3,2.1,,,,,,241039,87.0,1.1,5.2,36,173851,87.7,0.3,0.4,153
01/03/2011,Aberdeenshire,S12000034,180416,87.7,,-0.3,2.2,,329,259294,85.7,-0.5,2.7,156836,86.8,-0.3,1.9,132825,88.4,-0.1,1.9,105614,97.8,-0.3,1.4,,,,,,,,,,,141330.0,88.3,1.1,,,,,,241501,87.2,0.2,6.4,85,173167,87.3,-0.4,1.8,244
01/04/2011,Aberdeenshire,S12000034,184958,89.9,,2.5,3.3,,401,264551,87.4,2.0,4.0,161176,89.2,2.8,2.6,136882,91.1,3.1,3.1,108850,100.8,3.1,2.1,,,,,,,,,,,144888.0,90.6,2.5,,,,,,247510,89.3,2.5,7.0,72,177530,89.5,2.5,2.9,329
01/05/2011,Aberdeenshire,S12000034,188308,91.5,,1.8,3.4,,363,267499,88.4,1.1,3.7,164666,91.1,2.2,3.1,140008,93.2,2.3,3.2,112172,103.9,3.1,2.7,,,,,,,,,,,147512.0,92.2,1.8,,,,,,252628,91.2,2.1,8.1,66,180713,91.1,1.8,2.9,297
01/06/2011,Aberdeenshire,S12000034,190692,92.7,,1.3,2.4,,392,270835,89.5,1.2,2.9,166911,92.4,1.4,2.1,141625,94.3,1.2,1.9,113628,105.3,1.3,1.8,,,,,,,,,,,149380.0,93.4,1.3,,,,,,254121,91.7,0.6,7.0,115,183088,92.3,1.3,1.9,277
01/07/2011,Aberdeenshire,S12000034,190577,92.6,,-0.1,2.5,,423,271603,89.7,0.3,2.8,166512,92.2,-0.2,2.2,141068,93.9,-0.4,1.9,113077,104.8,-0.5,2.4,,,,,,,,,,,149289.0,93.3,-0.1,,,,,,254254,91.8,0.1,7.8,71,182963,92.3,-0.1,1.9,352
01/08/2011,Aberdeenshire,S12000034,189223,92.0,,-0.7,2.4,,392,271273,89.6,-0.1,2.6,165238,91.5,-0.8,2.4,139630,93.0,-1.0,2.2,110315,102.2,-2.4,2.1,,,,,,,,,,,148228.0,92.6,-0.7,,,,,,250825,90.5,-1.3,6.7,67,181746,91.7,-0.7,2.0,325
01/09/2011,Aberdeenshire,S12000034,188954,91.8,,-0.1,1.3,,403,272185,89.9,0.3,1.6,164457,91.0,-0.5,1.1,138904,92.5,-0.5,1.0,109528,101.5,-0.7,0.8,,,,,,,,,,,148018.0,92.5,-0.1,,,,,,249896,90.2,-0.4,4.7,87,181517,91.5,-0.1,0.9,316
01/10/2011,Aberdeenshire,S12000034,189135,91.9,,0.1,-0.5,,371,272644,90.1,0.2,-0.2,164879,91.3,0.3,-0.6,138757,92.4,-0.1,-0.8,109261,101.2,-0.2,-1.3,,,,,,,,,,,148160.0,92.6,0.1,,,,,,249850,90.2,0.0,1.5,56,181706,91.6,0.1,-0.8,315
01/11/2011,Aberdeenshire,S12000034,187496,91.1,,-0.9,-0.3,,359,269351,89.0,-1.2,-0.3,163721,90.6,-0.7,-0.2,137694,91.7,-0.8,-0.5,109247,101.2,0.0,-0.3,,,,,,,,,,,146876.0,91.8,-0.9,,,,,,248965,89.9,-0.4,1.9,70,180066,90.8,-0.9,-0.5,289
01/12/2011,Aberdeenshire,S12000034,184420,89.6,,-1.6,-0.8,,330,263472,87.0,-2.2,-1.3,161744,89.5,-1.2,-0.4,135916,90.5,-1.3,-0.6,108169,100.2,-1.0,-0.3,,,,,,,,,,,144467.0,90.3,-1.6,,,,,,245546,88.6,-1.4,0.7,72,177077,89.3,-1.7,-1.0,258
01/01/2012,Aberdeenshire,S12000034,181814,88.4,,-1.4,0.8,,232,259541,85.7,-1.5,-0.1,159709,88.4,-1.3,1.8,134226,89.4,-1.2,1.5,106304,98.5,-1.7,1.2,168862.0,88.3,,,71.0,187270.0,87.6,,,161.0,142425.0,89.0,-1.4,4.1,213059.0,87.3,,,241634,87.2,-1.6,1.4,33,174597,88.0,-1.4,0.7,199
01/02/2012,Aberdeenshire,S12000034,178368,86.7,,-1.9,-1.5,,220,255210,84.3,-1.7,-2.1,156628,86.7,-1.9,-0.5,131722,87.7,-1.9,-0.9,103362,95.8,-2.8,-2.4,164992.0,86.3,-2.3,,63.0,183199.0,85.7,-2.2,,157.0,139668.0,87.3,-1.9,0.0,208414.0,85.4,-2.2,,236229,85.3,-2.2,-2.0,30,171327,86.4,-1.9,-1.5,190
01/03/2012,Aberdeenshire,S12000034,176765,85.9,,-0.9,-2.0,,399,252934,83.6,-0.9,-2.5,155362,86.0,-0.8,-0.9,130862,87.1,-0.7,-1.5,101937,94.4,-1.4,-3.5,165195.0,86.4,0.1,,116.0,183147.0,85.7,0.0,,283.0,138858.0,86.8,-0.6,-1.7,208125.0,85.3,-0.1,,234597,84.7,-0.7,-2.9,102,169767,85.6,-0.9,-2.0,297
01/04/2012,Aberdeenshire,S12000034,178256,86.6,,0.8,-3.6,,363,254614,84.1,0.7,-3.8,156475,86.6,0.7,-2.9,132187,88.0,1.0,-3.4,103631,96.0,1.7,-4.8,166637.0,87.2,0.9,,110.0,184670.0,86.4,0.8,,253.0,140233.0,87.6,1.0,-3.2,209742.0,86.0,0.8,,236611,85.4,0.9,-4.4,70,171197,86.3,0.8,-3.6,293
